<?xml version="1.0" encoding="UTF-8" ?>
<extension type="package" version="4.3.4" method="upgrade">
    <name>pkg_wishboxcdek</name>
    <author>Nekrasov Vitaliy</author>
    <authorEmail>nekrasov_vitaliy@list.ru</authorEmail>
    <creationDate>December 2023</creationDate>
    <packagename>wishboxcdek</packagename>
    <version>1.0.0</version>
    <packager>Nekrasov Vitaliy</packager>
    <description>Wishbox cdek Package</description>
    <scriptfile>script.php</scriptfile>
    <languages folder="language">
        <language tag="en-GB">en-GB/pkg_wishboxcdek.sys.ini</language>
        <language tag="ru-RU">ru-RU/pkg_wishboxcdek.sys.ini</language>
    </languages>
    <files>
        <file type="component" id="com_wishboxcdek">com_wishboxcdek.zip</file>
        <file type="plugin" group="console" id="wishboxcdek">plg_console_wishboxcdek.zip</file>
        <file type="plugin" group="task" id="wishboxcdek">plg_task_wishboxcdek.zip</file>
    </files>
</extension>