<?xml version="1.0" encoding="UTF-8" ?>
<extension type="package" version="4.3.4" method="upgrade">
    <name>Wishbox Cdek Package</name>
    <author>Nekrasov Vitaliy</author>
    <authorEmail>nekrasov_vitaliy@list.ru</authorEmail>
    <creationDate>December 2023</creationDate>
    <packagename>wishboxcdek</packagename>
    <version>1.0.0</version>
    <packager>Nekrasov Vitaliy</packager>
    <description>Wishbox cdek Package</description>
    <files>
        <file
                type="component"
                id="com_wishboxcdek"
        >com_wishboxcdek.zip</file>
        <file
                type="plugin"
                group="task"
                id="wishboxcdek"
        >plg_task_wishboxcdek.zip</file>
    </files>
</extension>